Restaurant_Name	Restaurant_URL	Cuisine_Type	Address
Le Baratin	/ny/new-york/361030-le-baratin/menu/	French, Bistro	26 Greenwich Ave New York, NY, 10011
North River	/ny/new-york/381300-north-river/menu/	American, Cocktails	166 1st Ave New York, NY, 10009
B4	/ny/new-york/360670-b4/menu/	American (New)	235 E 4th St New York, NY, 10009
Grill On Wheels	/ny/new-york/357738-grill-on-wheels/menu/	Sandwiches, Chicken, Kosher	Location Varies New York, NY, 10018
SpaHa Soul	/ny/new-york/374424-spaha-soul/menu/	Soul Food, Vegetarian	2270 1st Ave New York, NY, 10035
America's Finest Deli	/ny/new-york/375922-america-s-finest-deli/menu/	Cheesesteaks, Deli Food, Sandwiches	46 Trinity Pl New York, NY, 10006
Mexican Festival Restaurant	/ny/new-york/380213-mexican-festival-restaurant/menu/	Mexican, Vegetarian	2672 Broadway Ave New York, NY, 10025
#Mazeish	/ny/new-york/437106-mazeish/menu/	Mediterranean, Middle Eastern, Persian	137 Rivington St New York, NY, 10002
Cafe Clover	/ny/new-york/478376-cafe-clover/menu/	American (New), Healthy	10 Downing St New York, NY, 10014
Houston Village Farm Deli Cafe & Grocery	/ny/new-york/262307-houston-village-farm-deli-cafe-grocery/menu/	Deli Food, Sandwiches	61 1st Ave New York, NY, 10003
Ippin	/ny/new-york/334552-ippin/menu/	Japanese, Sushi, Noodles	141 1st Ave New York, NY, 10003
At Nine	/ny/new-york/373668-at-nine/menu/	Thai	592 9th Ave New York, NY, 10036
Cafe Nadery	/ny/new-york/357760-cafe-nadery/menu/	Coffee & Tea, Persian	16 W 8th St New York, NY, 10011
Culture Fix	/ny/new-york/358904-culture-fix/menu/	Spanish, Tapas	9 Clinton St New York, NY, 10002
Sam's Falafel Stand	/ny/new-york/360762-sam-s-falafel-stand/menu/	Middle Eastern	Cedar St New York, NY, 10006
Macchiato Espresso Bar	/ny/new-york/360181-macchiato-espresso-bar/menu/	Coffee & Tea, Sandwiches	666 5th Ave New York, NY, 10019
Ambizza Cafe Truck	/ny/new-york/355873-ambizza-cafe-truck/menu/	Middle Eastern, Sandwiches	Water St New York, NY, 10004
124 Old Rabbit Club	/ny/new-york/356373-124-old-rabbit-club/menu/	Cocktails	124 MacDougal St New York, NY, 10012
Monte-Carlo	/ny/new-york/478425-monte-carlo/menu/	French	181 E 78th St New York, NY, 10075
Upland	/ny/new-york/477580-upland/menu/	Italian, Californian	345 Park Ave S New York, NY, 10010
Atwood	/ny/new-york/477811-atwood/menu/	American (New), Cocktails	986 2nd Ave New York, NY, 10022
Confessional	/ny/new-york/386418-confessional/menu/	Tapas, Cocktails, Nuevo Latino	308 E 6th St New York, NY, 10003
Tio Luca Cocina & Vino Bar	/ny/new-york/386430-tio-luca-cocina-vino-bar/menu/	Alcohol, Latin American, Tapas	421 Lenox Ave New York, NY, 10027
Dessert Delivery	/ny/new-york/2796-dessert-delivery/menu/	Bakery & Pastries, Desserts	55th St New York, NY, 10022
Byblos	/ny/new-york/2990-byblos/menu/	Middle Eastern, Tapas	80 Madison Ave New York, NY, 10016
Arome Cafe	/ny/new-york/4745-arome-cafe/menu/	Sushi, Deli Food, Sandwiches	325 Broadway Ave New York, NY, 10007
East Side Gourmet Deli	/ny/new-york/4829-east-side-gourmet-deli/menu/	Deli Food, Sandwiches	53 Ave B New York, NY, 10009
Corrado	/ny/new-york/52263-corrado/menu/	Bakery & Pastries, Coffee & Tea, Sandwiches	1361 Lexington Ave New York, NY, 10128
CC's Cafe	/ny/new-york/141126-cc-s-cafe/menu/	Coffee & Tea, Sandwiches	496 Hudson St New York, NY, 10014
Emack & Bolio's	/ny/new-york/228156-emack-bolio-s/menu/	Desserts	73 W Houston St New York, NY, 10012
Dining Room Management Group	/ny/new-york/250047-dining-room-management-group/menu/	Chinese	102 Mott St New York, NY, 10013
Hop Lee Restaurant	/ny/new-york/250130-hop-lee-restaurant/menu/	Chinese	16 Mott St New York, NY, 10013
Ageha Sushi	/ny/new-york/335043-ageha-sushi/menu/		767 9th Ave New York, NY, 10019
Da Noi	/ny/new-york/337190-da-noi/menu/		214 E 49th St New York, NY, 10017
Pinche Taqueria	/ny/new-york/337547-pinche-taqueria/menu/	Mexican	103 W 14th St New York, NY, 10011
Jacques Torres Chocolate	/ny/new-york/331040-jacques-torres-chocolate/menu/	Desserts	285 Amsterdam Ave New York, NY, 10023
Ajisai Japanese Restaurant	/ny/new-york/333616-ajisai-japanese-restaurant/menu/	Japanese, Sushi	795 Lexington Ave New York, NY, 10065
Ajisai Japanese Restaurant	/ny/new-york/333616-ajisai-japanese-restaurant/menu/	Japanese, Sushi	795 Lexington Ave New York, NY, 10065
Chopt Creative Salad Co.	/ny/new-york/333734-chopt-creative-salad-co/menu/	Sandwiches, Salads	11 W 42nd St New York, NY, 10036
SakaMai	/ny/new-york/342726-sakamai/menu/	Japanese, Cocktails, Gastropub	157 Ludlow St New York, NY, 10002
Benvenuto Tribeca	/ny/new-york/299880-benvenuto-tribeca/menu/	Deli Food, Sandwiches	369 Greenwich St New York, NY, 10013
Imperial Pizzeria	/ny/new-york/302273-imperial-pizzeria/menu/	Italian, Pizza, Vegetarian	913 Columbus Ave New York, NY, 10025
Falafel on Broadway	/ny/new-york/308682-falafel-on-broadway/menu/	Middle Eastern	3151 Broadway Ave New York, NY, 10027
Falafel on Broadway	/ny/new-york/308682-falafel-on-broadway/menu/	Middle Eastern	3151 Broadway Ave New York, NY, 10027
Casa Loca	/ny/new-york/314788-casa-loca/menu/	Mexican, Vegetarian	171A Avenue A New York, NY, 10009
Pie Pie Pizza	/ny/new-york/314859-pie-pie-pizza/menu/	Pizza	1593 St Nicholas Ave New York, NY, 10040
Fluffy's Caf√© & Pizzeria.	/ny/new-york/315753-fluffy-s-cafe-pizzeria/menu/	Deli Food, Sandwiches	370 W 58th St New York, NY, 10019
Manny's Gourmet	/ny/new-york/316262-manny-s-gourmet/menu/	Deli Food, Sandwiches	27 St James Pl New York, NY, 10038
La Bella Vita	/ny/new-york/318419-la-bella-vita/menu/	Italian	163 Mulberry St New York, NY, 10013
Q & N Foods	/ny/new-york/318476-q-n-foods/menu/	Deli Food, Sandwiches	107 E 125th St New York, NY, 10035
FP Patisserie	/ny/new-york/356523-fp-patisserie/menu/	Coffee & Tea, Desserts	1 W 58th St New York, NY, 10019
The East Wing fka The Havana Room	/ny/new-york/356355-the-east-wing-fka-the-havana-room/menu/	Cuban, Italian, Eclectic & International	306 E 76th St New York, NY, 10021
Delimarie	/ny/new-york/355931-delimarie/menu/	Deli Food, Sandwiches	106 Duane St New York, NY, 10007
Morris Grilled Cheese	/ny/new-york/355571-morris-grilled-cheese/menu/	Sandwiches	Location Varies New York, NY, 10022
Sky Room	/ny/new-york/354373-sky-room/menu/	Tapas, Bar Food, Cocktails	330 W 40th St New York, NY, 10018
Villabate	/ny/new-york/354410-villabate/menu/	Desserts	7001 18th Ave New York, NY, 11204
Juice Generation (Greenwich)	/ny/new-york/354954-juice-generation-greenwich/menu/	Sandwiches, Smoothies & Juices, Local/Organic	97 Greenwich Ave New York, NY, 10014
Lucky Strike Lanes	/ny/new-york/352130-lucky-strike-lanes/menu/	American, Bar Food	650 W 42nd St New York, NY, 10036
Rumours	/ny/new-york/352334-rumours/menu/	Irish, Bar Food	933 8th Ave New York, NY, 10019
David's Tea	/ny/new-york/352540-david-s-tea/menu/	Teahouses	1124 3rd Ave New York, NY, 10065
Maiden Lane	/ny/new-york/353102-maiden-lane/menu/	Alcohol, Tapas, Local/Organic	162 Avenue B New York, NY, 10009
United We Stand Deli	/ny/new-york/360048-united-we-stand-deli/menu/	Deli Food, Sandwiches	814 10th Ave New York, NY, 10019
Goloka (5th St)	/ny/new-york/360480-goloka-5th-st/menu/	Smoothies & Juices	325 E 5th St New York, NY, 10003
Argo Tea	/ny/new-york/360503-argo-tea/menu/	Coffee & Tea, Teahouses	75 University Pl New York, NY, 10003
Nolita Mart & Espresso Bar	/ny/new-york/359514-nolita-mart-espresso-bar/menu/	Coffee & Tea	156 Mott St New York, NY, 10013
Comme Ci, Comme Ca	/ny/new-york/359671-comme-ci-comme-ca/menu/	Moroccan, Sandwiches	Location Varies New York, NY, 10022
Taqueria Diana	/ny/new-york/360673-taqueria-diana/menu/	Mexican	129 2nd Ave New York, NY, 10003
Wayside	/ny/new-york/361048-wayside/menu/	Coffee & Tea, Sandwiches, Local/Organic	139 E 12th St New York, NY, 10003
SALUD Soho	/ny/new-york/361013-salud-soho/menu/	Smoothies & Juices, Vegetarian, Healthy, Latin American, Vegan, Local/Organic	107 Thompson St New York, NY, 10012
Mos	/ny/new-york/360951-mos/menu/	Wings, Bar Food	80 Lafayette Ave New York, NY, 11217
Sasha's Coffee	/ny/new-york/358920-sasha-s-coffee/menu/	Coffee & Tea	711 Amsterdam Ave New York, NY, 10025
Andy's Deli	/ny/new-york/358862-andy-s-deli/menu/	Deli Food, Sandwiches, Salads	291 Broadway New York, NY, 10007
Provocateur	/ny/new-york/358572-provocateur/menu/	Sushi, Tapas, Bar Food, Cocktails	18 9th Ave New York, NY, 10014
Nordic Delicacies Inc	/ny/new-york/358848-nordic-delicacies-inc/menu/	Deli Food, Scandinavian	6909 3rd Ave New York, NY, 11209
No Fun: Featuring Dorante's Cocina	/ny/new-york/358105-no-fun-featuring-dorante-s-cocina/menu/	Bar Food, Cocktails	161 Ludlow St New York, NY, 10002
Estela	/ny/new-york/357297-estela/menu/	Mediterranean, Tapas	47 E Houston St New York, NY, 10012
Ciccio	/ny/new-york/356687-ciccio/menu/	Italian	190 6th Ave New York, NY, 10013
Bagel Boss	/ny/new-york/368500-bagel-boss/menu/	Deli Food, Bagels, Salads, Kosher	544 3rd Ave New York, NY, 10016
Cafe Standard	/ny/new-york/378993-cafe-standard/menu/	American	25 Cooper Sq New York, NY, 10003
1200 Miles	/ny/new-york/378990-1200-miles/menu/	French	31 W 21st St New York, NY, 10010
Fahima Halal	/ny/new-york/361473-fahima-halal/menu/	Middle Eastern	47th St New York, NY, 10017
XPL Halal Food Truck	/ny/new-york/361539-xpl-halal-food-truck/menu/	Middle Eastern	SW Corner of 48th St & Park Ave New York, NY, 10017
12 Corners	/ny/new-york/361702-12-corners/menu/	Coffee & Tea, Sandwiches	155 E Broadway New York, NY, 10002
Nourish Kitchen and Table	/ny/new-york/361897-nourish-kitchen-and-table/menu/	American (New), Vegetarian, Local/Organic	95 Greenwich Ave New York, NY, 10014
Gogo Grill	/ny/new-york/362949-gogo-grill/menu/	Sandwiches	1 Bowling Green New York, NY, 10004
Rex Coffee	/ny/new-york/362955-rex-coffee/menu/	Coffee & Tea, Sandwiches	864 10th Ave New York, NY, 10019
David's Tea	/ny/new-york/363596-david-s-tea/menu/	Teahouses	688 6th Ave New York, NY, 10010
Prime Butcher Baker	/ny/new-york/363962-prime-butcher-baker/menu/	Deli Food, Kosher, Eastern European	1572 2nd Ave New York, NY, 10028
Felice	/ny/new-york/364180-felice/menu/	Italian, Alcohol	15 Gold St New York, NY, 10038
Hibachi Heaven	/ny/new-york/365034-hibachi-heaven/menu/	Japanese	Location Varies New York, NY, 10018
Blu Cafe	/ny/new-york/365758-blu-cafe/menu/	Coffee & Tea, Teahouses	120 Riverside Blvd New York, NY, 10069
Yours Wholesome Foods Deli & Grocery	/ny/new-york/365835-yours-wholesome-foods-deli-grocery/menu/	Deli Food, Sandwiches, Smoothies & Juices	159 Essex St New York, NY, 10002
Pushcart Coffee	/ny/new-york/366185-pushcart-coffee/menu/	Coffee & Tea	362 2nd Ave New York, NY, 10010
El Kiosko Deli Grocery	/ny/new-york/366778-el-kiosko-deli-grocery/menu/	Mexican, Deli Food, Sandwiches	37-18 31st Ave New York, NY, 11103
Hudson Terrace	/ny/new-york/367654-hudson-terrace/menu/	Eclectic & International, Tapas, Cocktails	621 W 46th St New York, NY, 10036
Rasa	/ny/new-york/386408-rasa/menu/	Sushi, Asian Fusion	25 W 8th St New York, NY, 10011
Taszo Espresso Bar	/ny/new-york/386721-taszo-espresso-bar/menu/	Coffee & Tea	5 Edward M Morgan Pl New York, NY, 10032
Cafe Boca Ciega	/ny/new-york/386921-cafe-boca-ciega/menu/	Cuban, Coffee & Tea	355 Broadway New York, NY, 10013
La Panineria - Sandwich Shop	/ny/new-york/388994-la-panineria-sandwich-shop/menu/	Italian, Sandwiches	1 W 8th St New York, NY, 10011
Da Capo Aperitivo E Caffe	/ny/new-york/389066-da-capo-aperitivo-e-caffe/menu/	Italian, Coffee & Tea	1392 Madison Ave New York, NY, 10029
Mex Carroll's Diner	/ny/new-york/382424-mex-carroll-s-diner/menu/		192 Columbia St New York, NY, 11231
Roast Kitchen	/ny/new-york/385357-roast-kitchen/menu/	Salads, Healthy	740 7th Ave New York, NY, 10019
Bluestone Lane	/ny/new-york/385884-bluestone-lane/menu/	Coffee & Tea	30 Broad St New York, NY, 10004
Tablao Tapas Y Restaurante	/ny/new-york/385910-tablao-tapas-y-restaurante/menu/	Spanish, Tapas	361 Greenwich St New York, NY, 10013
Le Cafe Coffee	/ny/new-york/385923-le-cafe-coffee/menu/	Coffee & Tea	7 E 14th St New York, NY, 10003
FC Gotham	/ny/new-york/386149-fc-gotham/menu/	American	409 W 13th St  New York, NY, 10014
Pizza Vinoteca	/ny/new-york-city/389129-pizza-vinoteca/menu/	Italian, Pizza, Alcohol	15 Union Sq W New York City, NY, 10003
Bocca di Bacco	/ny/new-york/393070-bocca-di-bacco/menu/	Italian	191 7th Ave New York, NY, 10011
Clinton Square Pizza	/ny/new-york/393214-clinton-square-pizza/menu/	Pizza	201 Clinton St New York, NY, 10002
Go Greenly Inwood	/ny/new-york/395965-go-greenly-inwood/menu/	Desserts, Teahouses	4865 Broadway New York, NY, 10034
Serengeti Teas & Spices	/ny/new-york/396021-serengeti-teas-spices/menu/	Coffee & Tea, Teahouses	2292 Frederick Douglass Blvd New York, NY, 10027
The Shake & Burger Bar	/ny/new-york/401219-the-shake-burger-bar/menu/		344 3rd Ave New York, NY, 10010
Halal Kharian Deli	/ny/new-york/403260-halal-kharian-deli/menu/	Indian	184 7th Ave New York, NY, 10011
Fish & Shrimp	/ny/new-york/436971-fish-shrimp/menu/	Seafood	2089 Amsterdam Ave New York, NY, 10032
Nick's Pizza Bar	/ny/new-york/436764-nick-s-pizza-bar/menu/	Italian, Pizza	365 3rd Ave New York, NY, 10016
So-Home	/ny/new-york/436882-so-home/menu/	Turkish, Local/Organic	410 W Broadway New York, NY, 10012
Que Rico Pollo	/ny/new-york/434514-que-rico-pollo/menu/	Puerto Rican, Latin American	46 St Nicholas Ave New York, NY, 10026
Boqueria	/ny/new-york/436742-boqueria/menu/	Spanish, Alcohol, Tapas	1460 Second Ave New York, NY, 10075
Mimi Cheng's	/ny/new-york/456915-mimi-cheng-s/menu/	Chinese, Dim Sum	179 2nd Ave New York, NY, 10003
Goggan	/ny/new-york/466669-goggan/menu/	Korean	364 W 46th St New York, NY, 10036
DumplingGo	/ny/new-york/466893-dumplinggo/menu/	Asian Fusion	121 W 3rd St New York, NY, 10012
Akami Sushi	/ny/new-york/424485-akami-sushi/menu/	Japanese, Sushi	1773 1st Ave New York, NY, 10128
Heavenly Market and Deli	/ny/new-york/424649-heavenly-market-and-deli/menu/	Deli Food, Sandwiches, Smoothies & Juices	77 3rd Ave New York, NY, 10003
Hogshead Tavern	/ny/new-york/477521-hogshead-tavern/menu/	Bar Food	126 Hamilton Pl New York, NY, 10031
Grill on the Hill	/ny/new-york/477647-grill-on-the-hill/menu/	Bar Food	1624 Amsterdam Ave New York, NY, 10031
Mysttik Masaala	/ny/new-york/476450-mysttik-masaala/menu/	Indian, Vegetarian	7 Hanover Sq New York, NY, 10004
Harp Raw Bar & Grill	/ny/new-york/476845-harp-raw-bar-grill/menu/	Seafood, Soul Food	729 3rd Ave New York, NY, 10017
Ricardo Ocean Grill	/ny/new-york/478718-ricardo-ocean-grill/menu/	Mediterranean, Seafood	2312 2nd Ave New York, NY, 10035
Beans & Vines	/ny/new-york/353860-beans-vines/menu/	Coffee & Tea, Alcohol, Tapas	4842 Broadway New York, NY, 10034
East 12th Osteria	/ny/new-york/363696-east-12th-osteria/menu/	Italian	197 1st Ave New York, NY, 10009
TAJ	/ny/new-york/251581-taj/menu/	Indian	310 E 6th St New York, NY, 10003
Zest Japanese & Thai	/ny/new-york/317979-zest-japanese-thai/menu/	Japanese, Sushi	249 Broome St New York, NY, 10002
Matryoshka	/ny/new-york/318807-matryoshka/menu/	Russian, Eastern European	88 Fulton St New York, NY, 10038
Robert's Restaurant	/ny/new-york/367897-robert-s-restaurant/menu/	American (New), Steak	536 W 28th St New York, NY, 10001
Upstairs at '21'	/ny/new-york/352520-upstairs-at-21/menu/	American	21 W 52nd St New York, NY, 10019
Pronto Pizza	/ny/new-york/7824-pronto-pizza/menu/	Italian, Pizza	1333 Broadway New York, NY, 10001
Twins Pub	/ny/new-york/248690-twins-pub/menu/	Burgers, American, Bar Food	421 9th Ave New York, NY, 10001
Lexington Candy Shop	/ny/new-york/299512-lexington-candy-shop/menu/	Diner	1226 Lexington Ave New York, NY, 10028
beQu Juice	/ny/new-york/334433-bequ-juice/menu/	Smoothies & Juices	350 E 9th St New York, NY, 10003
BXL Zoute	/ny/new-york/336333-bxl-zoute/menu/	Belgian	50 W 22nd St New York, NY, 10010
Hibernia	/ny/new-york/358356-hibernia/menu/	Irish, American, Bar Food	401 W 50th St New York, NY, 10019
Crave Sandwiches	/ny/new-york/318648-crave-sandwiches/menu/	Coffee & Tea, Sandwiches, Salads	1120 Ave of the Americas New York, NY, 10036
Pepe Rosso Social	/ny/new-york/379212-pepe-rosso-social/menu/	Italian	173 Mott St New York, NY, 10013
Five Tacos	/ny/new-york/321731-five-tacos/menu/	Mexican	119 St Marks Pl New York, NY, 10009
Tres Carnes	/ny/new-york/362995-tres-carnes/menu/	Southwestern, Mexican	688 6th Ave New York, NY, 10010
Hot Sichuan	/ny/new-york/403776-hot-sichuan/menu/	Chinese	130 9th Ave New York, NY, 10011
Haile Bistro	/ny/new-york/379149-haile-bistro/menu/	Ethiopian	182 Avenue B New York, NY, 10009
Heart of India	/ny/new-york/294278-heart-of-india/menu/	Indian	79 2nd Ave New York, NY, 10003
Pisillo	/ny/new-york/375935-pisillo/menu/	Italian, Sandwiches	97 Nassau St New York, NY, 10038
Proto's Pizza	/ny/new-york/311291-proto-s-pizza/menu/	Italian, Pizza	50 2nd Ave New York, NY, 10003
Red 58	/ny/new-york/305871-red-58/menu/	American (New)	158 W 58th St New York, NY, 10019
Irving Farm Coffee	/ny/new-york/363506-irving-farm-coffee/menu/	Coffee & Tea, Sandwiches	224 W 79th St New York, NY, 10024
Abyssinia	/ny/new-york/362244-abyssinia/menu/	Ethiopian, African	268 W 135th St New York, NY, 10030
Swine	/ny/new-york/364120-swine/menu/	American (New)	531 Hudson St New York, NY, 10014
Little Fox Cafe	/ny/new-york/352959-little-fox-cafe/menu/	Coffee & Tea, Sandwiches	62 Kenmare St New York, NY, 10012
Luna Pizza	/ny/new-york/355591-luna-pizza/menu/	Italian, Pizza	225 Park Row New York, NY, 10038
La Maison du Chocolat	/ny/new-york/355730-la-maison-du-chocolat/menu/	Desserts	30 Rockefeller Plz New York, NY, 10112
Ray's Gourmet Market	/ny/new-york/294403-ray-s-gourmet-market/menu/	Deli Food, Sandwiches, Salads	201 2nd Ave New York, NY, 10003
Strokos Fine Foods	/ny/new-york/305972-strokos-fine-foods/menu/	Deli Food, Sandwiches, Salads	1121 St Nicholas Ave New York, NY, 10032
caffebene	/ny/new-york/303997-caffebene/menu/	Korean, Coffee & Tea	1611 Broadway New York, NY, 10019
99 Cent Express Pizza	/ny/new-york/301007-99-cent-express-pizza/menu/	Italian, Pizza	301 W 43rd St New York, NY, 10036
Pret A Manger	/ny/new-york/309148-pret-a-manger/menu/	Sandwiches, Soups, Salads	135 W 50th St New York, NY, 10020
La Margarita	/ny/new-york/320175-la-margarita/menu/	Pizza	168 Ludlow St New York, NY, 10002
Chloe's Soft Serve Fruit	/ny/new-york/318510-chloe-s-soft-serve-fruit/menu/	Smoothies & Juices, Desserts	25 E 17th St New York, NY, 10003
Robusta Espresso Bar	/ny/new-york/318439-robusta-espresso-bar/menu/	Coffee & Tea	7 Hanover Sq New York, NY, 10004
Pierre Loti Wine Bar	/ny/new-york/318623-pierre-loti-wine-bar/menu/	Mediterranean, Alcohol, Tapas	300 1/2 E 52nd St New York, NY, 10022
Mr. Chow Tribeca	/ny/new-york/340560-mr-chow-tribeca/menu/	Chinese, Wild Game	121 Hudson St New York, NY, 10013
Pennsylvania 6 NYC	/ny/new-york/341542-pennsylvania-6-nyc/menu/	American, Gastropub	132 W 31st St New York, NY, 10001
La Maison du Chocolat	/ny/new-york/355731-la-maison-du-chocolat/menu/	Desserts	1018 Madison Ave New York, NY, 10075
Baked by Melissa	/ny/new-york/354715-baked-by-melissa/menu/	Bakery & Pastries, Desserts	526 7th Ave New York, NY, 10018
Knave	/ny/new-york/352136-knave/menu/	Italian, Alcohol, Cocktails	119 W 56th St New York, NY, 10019
A&A	/ny/new-york/358146-a-a/menu/	Deli Food, Sandwiches	456 W 45th St New York, NY, 10036
Chorus Karaoke	/ny/new-york/358793-chorus-karaoke/menu/	Asian Fusion, Bar Food	25 W 32nd St New York, NY, 10001
L.A. Burdick	/ny/new-york/358558-l-a-burdick/menu/	Coffee & Tea, Desserts	5 E 20th St New York, NY, 10003
150 Market	/ny/new-york/358564-150-market/menu/	Deli Food, Sandwiches	150 William St New York, NY, 10038
Bee's Knees Baking Co.	/ny/new-york/356706-bee-s-knees-baking-co/menu/	Bakery & Pastries, Desserts	113 W 10th St New York, NY, 10011
New York Sushi Ko	/ny/new-york/357118-new-york-sushi-ko/menu/	Japanese, Sushi	91 Clinton St New York, NY, 10002
Sweet Buttons Desserts	/ny/new-york/357185-sweet-buttons-desserts/menu/	Bakery & Pastries, Desserts	84 Rivington St New York, NY, 10002
Mysttik Masaala	/ny/new-york/357401-mysttik-masaala/menu/	Indian, Tibetan, Vegetarian	304 E 44th St New York, NY, 10017
Der Krung Thai Cuisine	/ny/new-york/361386-der-krung-thai-cuisine/menu/	Thai	860 9th Ave New York, NY, 10019
Boxers NYC	/ny/new-york/359585-boxers-nyc/menu/	Pizza, Bar Food	37 W 20th St New York, NY, 10011
The Drunken Horse NYC	/ny/new-york/360071-the-drunken-horse-nyc/menu/	Mediterranean, Alcohol, Tapas	225 10th Ave New York, NY, 10011
Iguazu Wine & Grill	/ny/new-york/362128-iguazu-wine-grill/menu/	Coffee & Tea, South American	26 Jefferson St Store B New York, NY, 10002
Miami Food Machine	/ny/new-york/362078-miami-food-machine/menu/	Cuban, Latin American	Location Varies New York, NY, 10013
Sugar and Plumm	/ny/new-york/362956-sugar-and-plumm/menu/	Desserts	257 Bleecker St New York, NY, 10014
Joe the Art of Coffee	/ny/new-york/362953-joe-the-art-of-coffee/menu/	Coffee & Tea	514 Columbus Ave New York, NY, 10024
Court Street Grocers Sandwich Shop	/ny/new-york/379750-court-street-grocers-sandwich-shop/menu/	Sandwiches	600 11th Ave New York, NY, 10036
Vien	/ny/new-york/373772-vien/menu/	Asian Fusion	220 Varick St New York, NY, 10014
Genuine Roadside	/ny/new-york/379748-genuine-roadside/menu/	Soul Food	600 11th Ave New York, NY, 10036
NYC Deli Market Corp #1	/ny/new-york/403434-nyc-deli-market-corp-1/menu/	Deli Food, Sandwiches	129 Avenue D New York, NY, 10009
Empire Steak House	/ny/new-york/386208-empire-steak-house/menu/	Seafood, Steak	237 W 54th St New York, NY, 10019
Empire Steak House	/ny/new-york/386208-empire-steak-house/menu/	Seafood, Steak	237 W 54th St New York, NY, 10019
Sant Ambroeus	/ny/new-york/385969-sant-ambroeus/menu/	Italian	265 Lafayette St New York, NY, 10012
China King	/ny/new-york/380551-china-king/menu/	Chinese	285 3rd Ave New York, NY, 10010
Mozzarella & Vino	/ny/new-york/380657-mozzarella-vino/menu/	Italian, Alcohol	33 W 54th St New York, NY, 10019
Curry Club	/ny/new-york/385546-curry-club/menu/	Indian	254 W 108th St New York, NY, 10025
Grandma's Secrets	/ny/new-york/389053-grandma-s-secrets/menu/	Bakery & Pastries, Desserts	562 W 174th St New York, NY, 10033
New Dragon	/ny/new-york/386912-new-dragon/menu/	Chinese	2413 2nd Ave New York, NY, 10035
Chez Jef	/ny/new-york/386835-chez-jef/menu/	French	241 Bowery New York, NY, 10002
Falanghina Pizza Bar	/ny/new-york/386414-falanghina-pizza-bar/menu/	Italian, Pizza	130 St Marks Pl New York, NY, 10009
Lady Lexis	/ny/new-york/386514-lady-lexis/menu/	Bakery & Pastries, Desserts	1931 Madison Ave New York, NY, 10035
OBICA Mozzarella Bar	/ny/new-york/423366-obica-mozzarella-bar/menu/	Italian, Pizza, Tapas	928 Broadway New York, NY, 10010
Gran Morsi	/ny/new-york/438225-gran-morsi/menu/	Italian, Pizza	22 Warren St New York, NY, 10007
La Pulperia	/ny/new-york/433674-la-pulperia/menu/	Seafood, South American, Cocktails	1626 2nd Ave New York, NY, 10028
Neapolitan Express (E 111st St)	/ny/new-york/437007-neapolitan-express-e-111st-st/menu/	Pizza	232 E 111st St New York, NY, 10029
Cafe Jax	/ny/new-york/476224-cafe-jax/menu/	Coffee & Tea, Sandwiches	318 E 84th St New York, NY, 10028
Sushi Seki	/ny/new-york/476021-sushi-seki/menu/	Japanese, Sushi	208 W 23rd St New York, NY, 10011
Fud-Hi	/ny/new-york/477663-fud-hi/menu/	Korean	Location Varies New York, NY, 10004
Sachi	/ny/new-york/477223-sachi/menu/	Sushi, Asian Fusion	713 2nd Ave New York, NY, 10016
Greecologies	/ny/new-york/478225-greecologies/menu/	Greek, Coffee & Tea	379 Broome St New York, NY, 10013
The Commons Chelsea	/ny/new-york/318157-the-commons-chelsea/menu/	Bakery & Pastries, Coffee & Tea, American	128 7th Ave New York, NY, 10011
McKenna's Pub	/ny/new-york/352013-mckenna-s-pub/menu/	Irish, Bar Food	250 W 14th St New York, NY, 10011
Benares Indian Restaurant	/ny/new-york/317586-benares-indian-restaurant/menu/	Indian	45 Murray St New York, NY, 10007
Tartina	/ny/new-york/333654-tartina/menu/	Italian, Sandwiches	653 9th Ave New York, NY, 10036
Local 92	/ny/new-york/323564-local-92/menu/	Mediterranean, Middle Eastern, Vegetarian	92 2nd Ave New York, NY, 10003
Solace Bar and Grill	/ny/new-york/341172-solace-bar-and-grill/menu/	American, Bar Food	3496 Broadway New York, NY, 10031
Radiance	/ny/new-york/339780-radiance/menu/	Chinese, Dim Sum, Teahouses	208 E 50th St New York, NY, 10022
Financier Patisserie	/ny/new-york/359911-financier-patisserie/menu/	French, Bakery & Pastries, Coffee & Tea, Desserts	1211 6th Ave New York, NY, 10036
Sushi Dojo	/ny/new-york/357453-sushi-dojo/menu/	Japanese, Sushi	110 1st Ave New York, NY, 10009
Cafe Tarantin	/ny/new-york/375645-cafe-tarantin/menu/	Coffee & Tea	302 W 38th St New York, NY, 10018
Oishi Bay Sushi Restaurant	/ny/new-york/381227-oishi-bay-sushi-restaurant/menu/	Japanese, Sushi	230 E 29th St New York, NY, 10016
Bustan NYC	/ny/new-york/386049-bustan-nyc/menu/	Mediterranean	487 Amsterdam Ave New York, NY, 10024
Horchata	/ny/new-york/400871-horchata/menu/	Mexican, Cocktails	470 6th Ave New York, NY, 10011
Mokbar	/ny/new-york/395542-mokbar/menu/	Korean, Noodles	75 9th Ave. New York, NY, 10011
Frere de Lys	/ny/new-york/400847-frere-de-lys/menu/	French, Alcohol	1685 1st Ave New York, NY, 10128
Barfly	/ny/new-york/252028-barfly/menu/	American, Bar Food	244 3rd Ave New York, NY, 10010
McNulty's Tea & Coffee Company	/ny/new-york/285653-mcnulty-s-tea-coffee-company/menu/	Coffee & Tea, Teahouses	109 Christopher St New York, NY, 10014
Il Gnocchi Restaurant	/ny/new-york/366861-il-gnocchi-restaurant/menu/	Italian	118 E 116th St New York, NY, 10029
Dorian's Seafood Market	/ny/new-york/349824-dorian-s-seafood-market/menu/	Seafood	1580 York Ave New York, NY, 10028
Broadway Thai @ Tom & Toon	/ny/new-york/360721-broadway-thai-tom-toon/menu/	Thai, Vegetarian	241 W 51st St New York, NY, 10019
Hudson Station	/ny/new-york/330916-hudson-station/menu/	Sandwiches, Bar Food	440 9th Ave New York, NY, 10001
Fabio Cucina Italiana	/ny/new-york/386216-fabio-cucina-italiana/menu/	Italian	214 E 52nd St New York, NY, 10022
Brasserie Beaumarchais	/ny/new-york/335759-brasserie-beaumarchais/menu/	French	409 W 13th St New York, NY, 10014
Dave's Hoagies	/ny/new-york/336806-dave-s-hoagies/menu/	Sandwiches	26 Cedar St New York, NY, 10038
La Brochette Kosher Steakhouse	/ny/new-york/373425-la-brochette-kosher-steakhouse/menu/	Sushi, Steak, Kosher	340 Lexington Ave New York, NY, 10016
Times Square Diner	/ny/new-york/403522-times-square-diner/menu/	Diner, American	807 8th Ave New York, NY, 10019
Jung Sik	/ny/new-york/331195-jung-sik/menu/	Korean	2 Harrison St New York, NY, 10013
Baba Ghanouge	/ny/new-york/322491-baba-ghanouge/menu/	Middle Eastern, Vegetarian	143 Fulton St New York, NY, 10038
Bits Bites & Baguettes	/ny/new-york/328779-bits-bites-baguettes/menu/	Deli Food, Sandwiches, Bagels, Salads	22 Park Pl New York, NY, 10007
Grill 212	/ny/new-york/345719-grill-212/menu/		212 W 80th St New York, NY, 10024
Louie and Chan	/ny/new-york/378989-louie-and-chan/menu/	Italian, Pizza, Cocktails	303 Broome St New York, NY, 10002
Juice Generation	/ny/new-york/356624-juice-generation/menu/	Sandwiches, Smoothies & Juices, Local/Organic	171 W 4th St New York, NY, 10014
Molloy's Irish Pub	/ny/new-york/355747-molloy-s-irish-pub/menu/	Irish, American, Bar Food	737 9th Ave New York, NY, 10019
The Simone	/ny/new-york/401106-the-simone/menu/	French	151 E 82nd St New York, NY, 10028
Old Tbilisi Garden	/ny/new-york/434361-old-tbilisi-garden/menu/	Eastern European	174 Bleecker St New York, NY, 10012
Hirohisa	/ny/new-york/475880-hirohisa/menu/	Japanese	73 Thompson St New York, NY, 10012
Mikey Likes It	/ny/new-york/476089-mikey-likes-it/menu/	Desserts	199 Avenue A New York, NY, 10009
Mary O's	/ny/new-york/305831-mary-o-s/menu/	Irish, American	32 Avenue A New York, NY, 10009
A Spice Lane	/ny/new-york/403822-a-spice-lane/menu/	Indian, Vegetarian	216 3rd Ave New York, NY, 10003
Ariana	/ny/new-york/386559-ariana/menu/	Russian, Eastern European	140 W Houston St New York, NY, 10012
CAGEN	/ny/new-york/373429-cagen/menu/	Japanese	414 E 9th St New York, NY, 10009
McCoy	/ny/new-york/362214-mccoy/menu/	American (New), Gastropub	89 MacDougal St New York, NY, 10012
Jack's Stir Brew	/ny/new-york/353645-jack-s-stir-brew/menu/	Coffee & Tea, Bagels	138 W 10th St New York, NY, 10014
Hana Michi	/ny/new-york/359738-hana-michi/menu/	Japanese, Sushi	28 W 32nd St 1st Fl New York, NY, 10001
The Grange Bar & Eatery	/ny/new-york/386725-the-grange-bar-eatery/menu/	American (New)	1635 Amsterdam Ave New York, NY, 10031
The Gander	/ny/new-york/389123-the-gander/menu/	American (New)	15 W 18th St New York, NY, 10011
Pizza Boss	/ny/new-york/434458-pizza-boss/menu/	Pizza	1467 2nd Ave New York, NY, 10075
Neary's	/ny/new-york/332158-neary-s/menu/	Irish, American	358 E 57th St New York, NY, 10022
Gimme! Coffee	/ny/new-york/351990-gimme-coffee/menu/	Coffee & Tea	228 Mott St New York, NY, 10012
El Aguila	/ny/new-york/363321-el-aguila/menu/	Mexican	1215 Lexington Ave New York, NY, 10028
El Diablito Taqueria	/ny/new-york/337518-el-diablito-taqueria/menu/	Mexican	60 E 3rd St New York, NY, 10003
Varsano's Chocolate	/ny/new-york/356506-varsano-s-chocolate/menu/	Desserts	172 W 4th St New York, NY, 10014
Nanoosh - Madison Avenue	/ny/new-york/296651-nanoosh-madison-avenue/menu/	Mediterranean, Middle Eastern, Vegetarian, Local/Organic	173 Madison Ave New York, NY, 10016
District Tap House	/ny/new-york/386625-district-tap-house/menu/	American, Gastropub	246 W 38th St New York, NY, 10018
Slane	/ny/new-york/249504-slane/menu/	Irish, Burgers, Bar Food	102 MacDougal St New York, NY, 10012
Restaurant La Libertad	/ny/new-york/335400-restaurant-la-libertad/menu/	Latin American, Central American	3764 Broadway Ave New York, NY, 10032
Thunder Jackson's	/ny/new-york/309467-thunder-jackson-s/menu/	Sandwiches, Wings, Bar Food	169 Bleecker St New York, NY, 10012
The Best of NY Food	/ny/new-york/315544-the-best-of-ny-food/menu/	Deli Food, Sandwiches	150 Water St New York, NY, 10005
Teado	/ny/new-york/354533-teado/menu/	Smoothies & Juices, Asian Fusion, Teahouses	145D Hester St New York, NY, 10002
NY Dosas	/ny/new-york/360758-ny-dosas/menu/	Indian, Vegetarian, Vegan	50 Washington Sq S New York, NY, 10014
Dakota Bar	/ny/new-york/356734-dakota-bar/menu/	American (New), Salads, Cocktails	53 W 72nd St New York, NY, 10023
Better Being Underground	/ny/new-york/359036-better-being-underground/menu/	Sandwiches, Local/Organic	55 Leroy St New York, NY, 10014
Indian Food Truck	/ny/new-york/361653-indian-food-truck/menu/	Indian	Whitehall St New York, NY, 10004
Grandaisy Bakery	/ny/new-york/367228-grandaisy-bakery/menu/	Bakery & Pastries, Coffee & Tea, Pizza, Sandwiches	250 W Broadway New York, NY, 10013
Cantina 1838	/ny/new-york/368568-cantina-1838/menu/		1838 7th Ave New York, NY, 10026
The Peacock	/ny/new-york/385882-the-peacock/menu/	British (Modern)	24 E 39th St New York, NY, 10016
Bay Kitchen Bar	/ny/new-york/478549-bay-kitchen-bar/menu/	Seafood	321 E 73rd St New York, NY, 10021
Cafe 28 Gourmet Deli	/ny/new-york/57046-cafe-28-gourmet-deli/menu/	Sushi, Deli Food, Sandwiches	245 5th Ave New York, NY, 10016
Muk Eun Ji	/ny/new-york/297795-muk-eun-ji/menu/	Barbecue, Korean	34 W 32nd St New York, NY, 10001
West Side Cafe	/ny/new-york/294622-west-side-cafe/menu/	Deli Food, Pizza, Sandwiches, Salads	218 W 72nd St New York, NY, 10023
A1 Sushi Cafe	/ny/new-york/315412-a1-sushi-cafe/menu/	Japanese, Sushi	164 Pearl St New York, NY, 10005
Sabor De Mexico	/ny/new-york/315344-sabor-de-mexico/menu/	Mexican	76 Nassau St New York, NY, 10038
Fresh & Co.	/ny/new-york/315764-fresh-co/menu/	Deli Food, Sandwiches, Salads	45 W 57th St New York, NY, 10019
Guy & Gallard III	/ny/new-york/315803-guy-gallard-iii/menu/		245 W 38th St New York, NY, 10018
Sfilatino Italian Gourmet	/ny/new-york/318255-sfilatino-italian-gourmet/menu/	Italian, Sandwiches	342 W 57th St New York, NY, 10019
Potbelly Sandwich Shop	/ny/new-york/318603-potbelly-sandwich-shop/menu/	Sandwiches	150 E 44th St New York, NY, 10017
Potbelly Sandwich Shop	/ny/new-york/318603-potbelly-sandwich-shop/menu/	Sandwiches	150 E 44th St New York, NY, 10017
Filicori Zecchini	/ny/new-york/318969-filicori-zecchini/menu/	Coffee & Tea	42 E 46th St New York, NY, 10017
La Vie En Szechuan	/ny/new-york/309793-la-vie-en-szechuan/menu/	Chinese	14 E 33rd St New York, NY, 10016
S1 Grocers and Gourmet Deli	/ny/new-york/309851-s1-grocers-and-gourmet-deli/menu/	Deli Food, Sandwiches	172 Allen St New York, NY, 10002
Joey Pepperoni's Pizza	/ny/new-york/311034-joey-pepperoni-s-pizza/menu/	Pizza	493 2nd Ave New York, NY, 10016
Nemo	/ny/new-york/300309-nemo/menu/	Korean	54 E 13th St New York, NY, 10003
Ninth Ward	/ny/new-york/332228-ninth-ward/menu/	Cajun & Creole, Cocktails	180 2nd Ave New York, NY, 10003
Eros Meze	/ny/new-york/334278-eros-meze/menu/	Greek, Mediterranean, Tapas	447 3RD AVE New York, NY, 10016
Savory and Sweet	/ny/new-york/326749-savory-and-sweet/menu/	Bakery & Pastries, Coffee & Tea, Pizza	404 10th Ave New York, NY, 10001
Los Perros Locos	/ny/new-york/322307-los-perros-locos/menu/	Hot Dogs, South American	201 Allen St New York, NY, 10002
Juice Press	/ny/new-york/321874-juice-press/menu/	Smoothies & Juices, Vegetarian, Kosher, Healthy, Vegan	122 Greenwich Ave New York, NY, 10011
Prime Cafe	/ny/new-york/323465-prime-cafe/menu/	Italian, American	125 W 26th St New York, NY, 10001
Quechua Nostra (Formerly Best Lexington Peruvian	/ny/new-york/338809-quechua-nostra-formerly-best-lexington-peruvian/menu/	Peruvian, Pizza, South American	1634 Lexington Ave New York, NY, 10029
Friedmans	/ny/new-york/368702-friedmans/menu/	Sandwiches, Local/Organic	132 W 31st St New York, NY, 10001
Pagani	/ny/new-york/373415-pagani/menu/	Italian	289 Bleecker St New York, NY, 10014
Thirstea	/ny/new-york/367857-thirstea/menu/	Coffee & Tea, Desserts, Teahouses	280 E 10th St New York, NY, 10009
Archie & Son's	/ny/new-york/374003-archie-son-s/menu/		23 3rd Ave New York, NY, 10003
Cafe Grumpy	/ny/new-york/373725-cafe-grumpy/menu/	Coffee & Tea	200 W 39th St New York, NY, 10018
Pa-paya Seed Frozen Yogurt	/ny/new-york/373531-pa-paya-seed-frozen-yogurt/menu/	Desserts	171 Lenox Ave New York, NY, 10026
Taste of Persia	/ny/new-york/379695-taste-of-persia/menu/	Soups, Persian	12 W 18th St New York, NY, 10011
Vacca Grill & Lounge	/ny/new-york/379697-vacca-grill-lounge/menu/	Puerto Rican, Latin American	416 W 203rd St New York, NY, 10034
Tisserie	/ny/new-york/367147-tisserie/menu/	Bakery & Pastries, Coffee & Tea	870 7th Ave New York, NY, 10019
East Harlem Cafe	/ny/new-york/367725-east-harlem-cafe/menu/	Coffee & Tea	1651 Lexington Ave New York, NY, 10029
Katsu-Hama	/ny/new-york/366126-katsu-hama/menu/	Japanese	43 W 55th St New York, NY, 10019
Tariq's #1 Halal Food	/ny/new-york/364130-tariq-s-1-halal-food/menu/	Indian	Park Ave S New York, NY, 10003
The Headless Horseman	/ny/new-york/364058-the-headless-horseman/menu/	American (New), Tapas	119 E 15th St New York, NY, 10003
Alphabet Scoop	/ny/new-york/361983-alphabet-scoop/menu/	Desserts	543 E 11th St New York, NY, 10009
Morocho Peruvian Fusion	/ny/new-york/362821-morocho-peruvian-fusion/menu/	Peruvian, Vegetarian, South American, Nuevo Latino	1 Union Square W New York, NY, 10011
Buongiorno Espresso Bar	/ny/new-york/363254-buongiorno-espresso-bar/menu/	Italian, Coffee & Tea	502 9th Ave New York, NY, 10018
Izakaya Moku	/ny/new-york/358575-izakaya-moku/menu/	Japanese	10 W 32nd St New York, NY, 10001
Hot Pot Under the Tree	/ny/new-york/358673-hot-pot-under-the-tree/menu/	Jamaican, Caribbean	2839 Frederick Douglas Blvd New York, NY, 10039
5C Cafe	/ny/new-york/358278-5c-cafe/menu/	Coffee & Tea, Vegetarian, Healthy, Vegan	68 Avenue C New York, NY, 10009
Schapiro's	/ny/new-york/356784-schapiro-s/menu/	American (New), Eastern European, Cocktails	120 Rivington St New York, NY, 10002
Cafe Buunni	/ny/new-york/356839-cafe-buunni/menu/	Coffee & Tea, Local/Organic	213 Pinehurst Ave New York, NY, 10033
Balilo	/ny/new-york/357234-balilo/menu/	Diner	600 W 57th St New York, NY, 10019
Wafels & Dinges	/ny/new-york/360691-wafels-dinges/menu/	Belgian, Coffee & Tea, Desserts	15 Avenue B New York, NY, 10009
Silvana	/ny/new-york/360444-silvana/menu/	Middle Eastern, Vegetarian	300 W 116th St New York, NY, 10026
Ramen Misoya	/ny/new-york/354448-ramen-misoya/menu/	Japanese, Noodles	129 2nd Ave New York, NY, 10003
Multi Tastes Diner	/ny/new-york/355930-multi-tastes-diner/menu/	Chinese, Diner, Pizza	23 St James Pl New York, NY, 10038
First Ave Pierogi & Deli	/ny/new-york/355605-first-ave-pierogi-deli/menu/	Polish, Deli Food, Eastern European	130 1st Ave New York, NY, 10009
Coolhaus	/ny/new-york/355488-coolhaus/menu/	Desserts	Location Varies New York, NY, 10010
Pulse Karaoke Lounge	/ny/new-york/352333-pulse-karaoke-lounge/menu/	Eclectic & International, Bar Food, Cocktails	135 W 41st St New York, NY, 10036
Sunrise Mart	/ny/new-york/353388-sunrise-mart/menu/	Japanese, Sushi	12 E 41st St New York, NY, 10017
Goodman's Cafe	/ny/new-york/353665-goodman-s-cafe/menu/	American (New), Coffee & Tea, Sandwiches, Salads	754 5th Ave New York, NY, 10019
Lobster Boat Restaurant	/ny/new-york/354140-lobster-boat-restaurant/menu/	Chinese, Seafood	11 Mott St New York, NY, 10013
Pop @ Pod	/ny/new-york/475900-pop-pod/menu/	Burgers, Hot Dogs	230 E 51st St New York, NY, 10022
City of Saints	/ny/new-york/476467-city-of-saints/menu/	Coffee & Tea	79 E 10th St New York, NY, 10003
Serena's Wine Bar Cafe	/ny/new-york/476809-serena-s-wine-bar-cafe/menu/	Alcohol, Tapas	1268 2nd Ave New York, NY, 10065
Hakata Hot Pot	/ny/new-york/478085-hakata-hot-pot/menu/	Japanese, Soups	58 St Marks Pl New York, NY, 10003
Pier A	/ny/new-york/477873-pier-a/menu/	Seafood	22 Battery Pl New York, NY, 10004
Cotenna	/ny/new-york/477119-cotenna/menu/	Italian	21 Bedford St New York, NY, 10014
Melt Shop	/ny/new-york/385854-melt-shop/menu/	Sandwiches	135 W 50th St New York, NY, 10020
Emmett's	/ny/new-york/380539-emmett-s/menu/	Pizza, Sandwiches	50 MacDougal St New York, NY, 10012
Bleecker Kitchen & Co	/ny/new-york/385267-bleecker-kitchen-co/menu/	American	643 Broadway New York, NY, 10012
Bonnie Vee	/ny/new-york/386403-bonnie-vee/menu/	Bar Food	17 Stanton St New York, NY, 10002
Dolce Gelato NYC	/ny/new-york/386757-dolce-gelato-nyc/menu/	Coffee & Tea, Desserts	33 Barrow St New York, NY, 10014
By the Way Bakery	/ny/new-york/388835-by-the-way-bakery/menu/	Bakery & Pastries	2442 Broadway New York, NY, 10024
Arts & Crafts Beer Parlor	/ny/new-york/389342-arts-crafts-beer-parlor/menu/	Bar Food	26 W 8th St New York, NY, 10011
Pita Grill	/ny/new-york/389453-pita-grill/menu/	Middle Eastern	1028 Amsterdam Ave New York, NY, 10025
Relleno-El Punto de la Picadera	/ny/new-york/396364-relleno-el-punto-de-la-picadera/menu/	Puerto Rican, Latin American	346 Audubon Ave New York, NY, 10033
Revolution Sandwich NY	/ny/new-york/401401-revolution-sandwich-ny/menu/	Sandwiches	52 Walker St New York, NY, 10013
NY Grill & Deli	/ny/new-york/434725-ny-grill-deli/menu/	Deli Food, Sandwiches	208 Rivington St New York, NY, 10002
August Gatherings	/ny/new-york/438159-august-gatherings/menu/	Chinese	266 Canal St New York, NY, 10013
Rustico	/ny/new-york/424311-rustico/menu/	Coffee & Tea, Crepes	135 1st Ave New York, NY, 10003
Garden Gourmet	/ny/new-york/424415-garden-gourmet/menu/	Deli Food, Sandwiches, Salads	2019 1st Ave New York, NY, 10029
Kipsey's	/ny/new-york/322224-kipsey-s/menu/	American	438 2nd Ave New York, NY, 10010
Royal Curry and Kabob	/ny/new-york/353088-royal-curry-and-kabob/menu/	Indian	19-25 St Nicholas Ave New York, NY, 10026
WINE30	/ny/new-york/345058-wine30/menu/		41 E 30th St New York, NY, 10016
Bawarchi Indian Cuisine	/ny/new-york/334559-bawarchi-indian-cuisine/menu/	Indian	1546 Madison Ave New York, NY, 10029
Vitae	/ny/new-york/318067-vitae/menu/		4 E 46th St New York, NY, 10017
Ground Support	/ny/new-york/367923-ground-support/menu/	Coffee & Tea, Sandwiches	399 W Broadway New York, NY, 10012
Sedutto	/ny/new-york/354235-sedutto/menu/	Desserts	1498 1st Ave New York, NY, 10021
Cafe BonJour Deli & Pizza	/ny/new-york/309377-cafe-bonjour-deli-pizza/menu/	Mediterranean, Deli Food, Pizza, Sandwiches	18 W 38th St New York, NY, 10018
MoMo West Village	/ny/new-york/345517-momo-west-village/menu/		152 W 10th St New York, NY, 10014
Cuchifritos	/ny/new-york/355928-cuchifritos/menu/	Puerto Rican, Latin American	168 E 116th St New York, NY, 10029
Wasabi Sushi & Bento	/ny/new-york/386623-wasabi-sushi-bento/menu/	Japanese, Sushi	561 7th Ave New York, NY, 10036
The Shakespeare	/ny/new-york/385855-the-shakespeare/menu/	British (Traditional)	24 E 39th St New York, NY, 10016
Blue Planet Grill	/ny/new-york/326068-blue-planet-grill/menu/	Pizza, American, Local/Organic	120 Greenwich St New York, NY, 10006
Little Muenster	/ny/new-york/310079-little-muenster/menu/	Sandwiches	100 Stanton St New York, NY, 10002
GROM at Columbus Circle	/ny/new-york/353598-grom-at-columbus-circle/menu/	Desserts	1796 Broadway New York, NY, 10019
9th Ave Royal Deli	/ny/new-york/351991-9th-ave-royal-deli/menu/	Deli Food, Sandwiches	817 9th Ave New York, NY, 10019
Cork 'N Fork	/ny/new-york/379367-cork-n-fork/menu/	Alcohol, Eclectic & International, Tapas	186 Ave A New York, NY, 10009
Farafina Cafe & Lounge	/ny/new-york/379033-farafina-cafe-lounge/menu/	African	1813 Amsterdam Ave New York, NY, 10031
Aromas Boutique Bakery & Cafe	/ny/new-york/364037-aromas-boutique-bakery-cafe/menu/	Bakery & Pastries, Desserts	2248 1st Ave New York, NY, 10029
Yooglers Frozen Yogurt	/ny/new-york/365891-yooglers-frozen-yogurt/menu/	Desserts	791 Broadway New York, NY, 10003
Five Mile Stone	/ny/new-york/388919-five-mile-stone/menu/	American, Bar Food	1640 2nd Ave New York, NY, 10028
The Milton	/ny/new-york/475641-the-milton/menu/	Irish, British (Traditional)	1754 2nd Ave New York, NY, 10128
McQuaids Public House	/ny/new-york/352500-mcquaids-public-house/menu/	Irish, Bar Food	589 11th Ave New York, NY, 10036
Panade	/ny/new-york/354894-panade/menu/	Bakery & Pastries, Sandwiches, Desserts	129 Eldridge St New York, NY, 10002
NYY Steak Midtown	/ny/new-york/379007-nyy-steak-midtown/menu/	Steak	7 W 51st St New York, NY, 10019
Kotobuki	/ny/new-york/365775-kotobuki/menu/	Japanese, Sushi	56 3rd Ave New York, NY, 10003
Madman Espresso	/ny/new-york/364442-madman-espresso/menu/	Coffee & Tea	319 E 14th St New York, NY, 10003
Bombay's Indian Restaurant	/ny/new-york/297828-bombay-s-indian-restaurant/menu/	Indian, Seafood, Chicken, Salads, Asian, Healthy	60 Pearl St New York, NY, 10004
The Beatrice Inn	/ny/new-york/361724-the-beatrice-inn/menu/	American (New), Cocktails	285 W 12th St New York, NY, 10014
Au Za'atar To Go	/ny/new-york/388867-au-za-atar-to-go/menu/	Mediterranean, Bistro	188 Ave A New York, NY, 10009
Peacefood Cafe Downtown	/ny/new-york/362045-peacefood-cafe-downtown/menu/	Coffee & Tea, Vegetarian, Healthy, Vegan	41 E 11th St New York, NY, 10003
Amelie	/ny/new-york/352662-amelie/menu/	French, Alcohol, Tapas	22 W 8th St New York, NY, 10011
Van Diemen's	/ny/new-york/318078-van-diemen-s/menu/		383 3rd Ave New York, NY, 10016
SheShe Pizza	/ny/new-york/342229-sheshe-pizza/menu/	Italian, Pizza	961 Columbus Ave New York, NY, 10025
Vinus and Marc	/ny/new-york/360305-vinus-and-marc/menu/	American (New), Tapas, Cocktails	1825 2nd Ave New York, NY, 10128
OCabanon	/ny/new-york/386405-ocabanon/menu/	French	245 W 29th St New York, NY, 10001
Caffe dei Fiori	/ny/new-york/477579-caffe-dei-fiori/menu/	Italian	973 Lexington Ave  New York, NY, 10021
Masala Times Greenwich Village	/ny/new-york/293254-masala-times-greenwich-village/menu/	Indian	194 Bleecker St New York, NY, 10012
La Tropezienne Bakery	/ny/new-york/354799-la-tropezienne-bakery/menu/	French, Bakery & Pastries, Coffee & Tea, Sandwiches, Desserts	2131 1st Ave New York, NY, 10029
Market Cafe & Brick Oven Pizza	/ny/new-york/326238-market-cafe-brick-oven-pizza/menu/	Deli Food, Pizza, Sandwiches	425 Lexington Ave New York, NY, 10017
Sigmund Pretzel Shop	/ny/new-york/356510-sigmund-pretzel-shop/menu/	Bakery & Pastries, Coffee & Tea, Sandwiches	29 Avenue B New York, NY, 10009
Sundaes and Cones	/ny/new-york/250232-sundaes-and-cones/menu/	Coffee & Tea, Desserts	95 E 10th St New York, NY, 10003
Kale	/ny/new-york/379258-kale/menu/	Smoothies & Juices, Healthy	342 Lexington Ave New York, NY, 10016
Crepeaway	/ny/new-york/296677-crepeaway/menu/	Coffee & Tea, Crepes	31 Waverly Pl New York, NY, 10003
Dylan Murphy's	/ny/new-york/330100-dylan-murphy-s/menu/	Wings, Bar Food	1453 3rd Ave New York, NY, 10028
Kirakuya Sake Bar	/ny/new-york/339117-kirakuya-sake-bar/menu/	Japanese, Tapas, Bar Food	2 W 32nd St New York, NY, 10001
Le Philosophe	/ny/new-york/339334-le-philosophe/menu/	French	55 Bond St New York, NY, 10012
Blarney Stone	/ny/new-york/349683-blarney-stone/menu/	Irish, Bar Food	11 Trinity Pl New York, NY, 10006
Pizza Stop	/ny/new-york/317123-pizza-stop/menu/	Italian, Pizza	531 Malcolm X Blvd New York, NY, 10037
La Montanara	/ny/new-york/310866-la-montanara/menu/	Italian, Pizza	168 Ludlow St New York, NY, 10002
Eight Turn Crepe	/ny/new-york/361857-eight-turn-crepe/menu/	Coffee & Tea, Crepes, Desserts	55 Spring St New York, NY, 10012
Manhattan Proper	/ny/new-york/366817-manhattan-proper/menu/	Bar Food, Cocktails	6 Murray St New York, NY, 10007
Cocoron	/ny/new-york/355132-cocoron/menu/	Japanese, Noodles	61 Delancey St New York, NY, 10002
Temple Bar	/ny/new-york/353635-temple-bar/menu/	Bar Food, Cocktails	332 Lafayette St New York, NY, 10012
Lowe's Eatery	/ny/new-york/353791-lowe-s-eatery/menu/	Jamaican, Soul Food	101 W 136th St New York, NY, 10030
SnAKS	/ny/new-york/353985-snaks/menu/	American (New)	611 5th Ave New York, NY, 10022
Jittery Joe's Coffee	/ny/new-york/360141-jittery-joe-s-coffee/menu/	Coffee & Tea, Teahouses	216 E 45th St New York, NY, 10017
Carnegie John's	/ny/new-york/360755-carnegie-john-s/menu/	Burgers, Sandwiches	56th St & 7th Ave New York, NY, 10019
Jake's Saloon	/ny/new-york/357594-jake-s-saloon/menu/	American, Bar Food	202 9th Ave New York, NY, 10011
Jin Ramen West Harlem	/ny/new-york/359285-jin-ramen-west-harlem/menu/	Japanese, Noodles	3183 Broadway New York, NY, 10027
BV's Grill	/ny/new-york/398608-bv-s-grill/menu/	Steak	919 3rd Ave  New York, NY, 10022
Charrua	/ny/new-york/437478-charrua/menu/	South American	131 Essex St New York, NY, 10002
Zibetto Espresso Bar	/ny/new-york/275935-zibetto-espresso-bar/menu/	Coffee & Tea	1385 6th Ave New York, NY, 10019
Moshiko Falafel	/ny/new-york/314792-moshiko-falafel/menu/	Middle Eastern, Sandwiches, Salads, Vegetarian	877 10th Ave New York, NY, 10019
Epistrophy	/ny/new-york/252979-epistrophy/menu/	Italian	200 Mott Street New York, NY, 10012
Dimes	/ny/new-york/373721-dimes/menu/	Coffee & Tea, Local/Organic	49 Canal St New York, NY, 10002
Cibo e Vino	/ny/new-york/385990-cibo-e-vino/menu/	Italian	2418 Broadway Ave New York, NY, 10024
Golden City	/ny/new-york/48060-golden-city/menu/	Chinese	2545 Amsterdam Ave New York, NY, 10033
Akimoto Sushi	/ny/new-york/318895-akimoto-sushi/menu/	Japanese, Sushi	187 Church St New York, NY, 10007
Urban Vegan Kitchen	/ny/new-york/308696-urban-vegan-kitchen/menu/	Vegetarian, Tapas, Vegan	41 Carmine Ave New York, NY, 10014
Ootoya Chelsea	/ny/new-york/363995-ootoya-chelsea/menu/	Japanese, Sushi	8 W 18th St New York, NY, 10011
Molly's Cupcakes	/ny/new-york/360990-molly-s-cupcakes/menu/	Desserts	228 Bleecker St New York, NY, 10014
Korilla Korean BBQ Truck	/ny/new-york/352381-korilla-korean-bbq-truck/menu/	Barbecue, Korean, Mexican	Location Varies New York, NY, 10023
Jacob's Restaurant	/ny/new-york/355541-jacob-s-restaurant/menu/	Soul Food	373 Lenox Ave New York, NY, 10027
Muscle Maker Grill	/ny/new-york/300079-muscle-maker-grill/menu/	Sandwiches, Healthy	10 Murray St New York, NY, 10007
Shanghai Heping Restaurant	/ny/new-york/478699-shanghai-heping-restaurant/menu/	Chinese	104 Mott St New York, NY, 10013
Gaia	/ny/new-york/296635-gaia/menu/	Italian, Coffee & Tea, Sandwiches	251 E Houston New York, NY, 10002
Miss Korea BBQ	/ny/new-york/293963-miss-korea-bbq/menu/	Barbecue, Korean	10 W 32nd St New York, NY, 10001
Pippali	/ny/new-york/374699-pippali/menu/	Indian	129 E 27th St New York, NY, 10016
Empellon Cocina	/ny/new-york/337718-empellon-cocina/menu/	Mexican, Tapas, Cocktails, Nuevo Latino	105 1st Ave New York, NY, 10003
Cassidy's	/ny/new-york/354906-cassidy-s/menu/	Irish, American, Bar Food	65 W 55th St New York, NY, 10019
Geisha Sushi	/ny/new-york/395569-geisha-sushi/menu/	Japanese, Sushi	3468 Broadway New York, NY, 10031
Armonie	/ny/new-york/340374-armonie/menu/	Italian, Pizza	100 E 117th St New York, NY, 10035
Cedric	/ny/new-york/361140-cedric/menu/	French, Bistro	185 St Nicholas Ave New York, NY, 10026
Artichoke Basille's Pizza and Bar	/ny/new-york/302339-artichoke-basille-s-pizza-and-bar/menu/	Pizza	111 MacDougal St New York, NY, 10012
Gina La Fornarina	/ny/new-york/319052-gina-la-fornarina/menu/	Italian, Pizza	26 E 91st St New York, NY, 10128
Bread To Go	/ny/new-york/314638-bread-to-go/menu/	Italian, Sandwiches	450 Hudson St New York, NY, 10014
Left Bank	/ny/new-york/331465-left-bank/menu/	American (New)	117 Perry St New York, NY, 10014
China North Dumpling	/ny/new-york/354191-china-north-dumpling/menu/	Chinese	27a Essex St New York, NY, 10002
Empire Cake	/ny/new-york/362339-empire-cake/menu/	Bakery & Pastries, Desserts	112 8th Ave New York, NY, 10011
Mama Ghanoush	/ny/new-york/395644-mama-ghanoush/menu/	Middle Eastern	442 3rd Ave New York, NY, 10016
Bar Primi	/ny/new-york/400918-bar-primi/menu/	Italian	325 Bowery New York, NY, 10003
Principessa Soho	/ny/new-york/332820-principessa-soho/menu/	Italian	199 Prince St New York, NY, 10012
Lulu & Me	/ny/new-york/339886-lulu-me/menu/	American (New), Italian, Cocktails, Gastropub	253 5th Ave New York, NY, 10016
Joy Curry & Tandoor	/ny/new-york/314095-joy-curry-tandoor/menu/	Indian	32 W 39th St New York, NY, 10018
Fat Buddha	/ny/new-york/361456-fat-buddha/menu/	Tapas, Asian Fusion	212 Avenue A New York, NY, 10009
Chinelos II	/ny/new-york/353474-chinelos-ii/menu/	Mexican	530 W 136st St New York, NY, 10031
Roti Modern Mediterranean	/ny/new-york/357472-roti-modern-mediterranean/menu/	Mediterranean, Middle Eastern	142 E 43rd St New York, NY, 10017
Pax Wholesome Foods	/ny/new-york/233357-pax-wholesome-foods/menu/	Bakery & Pastries, Deli Food, Sandwiches, Soups	90 Broad St New York, NY, 10004
Troy Liquor Bar	/ny/new-york/285640-troy-liquor-bar/menu/	Wings, Bar Food, Cocktails	675 Hudson St New York, NY, 10014
Lobby Lounge at Mandarin Oriental	/ny/new-york/267895-lobby-lounge-at-mandarin-oriental/menu/	Eclectic & International, Bar Food, Cocktails, Teahouses	80 Columbus Circle New York, NY, 10023
Noodle Village	/ny/new-york/272503-noodle-village/menu/	Chinese, Noodles	13 Mott St Ste 212 New York, NY, 10013
City Chow Cafe	/ny/new-york/252539-city-chow-cafe/menu/	Smoothies & Juices, Salads, Healthy	420 Lexington Ave New York, NY, 10017
New Parisian Deli	/ny/new-york/251720-new-parisian-deli/menu/	Deli Food, Sandwiches, Salads	501 Columbus Ave New York, NY, 10024
Battery Place Market	/ny/new-york/315540-battery-place-market/menu/	Deli Food, Sandwiches	77 Battery Pl New York, NY, 10280
Ken & Cook	/ny/new-york/316250-ken-cook/menu/	American (New)	19 Kenmare St New York, NY, 10012
One Cup Two Cupcakes	/ny/new-york/319861-one-cup-two-cupcakes/menu/	Bakery & Pastries, Coffee & Tea, Desserts	953 Columbus Ave New York, NY, 10025
Premier Deli	/ny/new-york/305854-premier-deli/menu/	Deli Food, Sandwiches	856 7th Ave New York, NY, 10019
Fuel Grill & Juice Bar	/ny/new-york/305795-fuel-grill-juice-bar/menu/	Smoothies & Juices, Healthy	683 9th Ave New York, NY, 10036
Dorian Gray	/ny/new-york/309115-dorian-gray/menu/	Irish, American, Bar Food	205 E 4th St New York, NY, 10009
Ramen Thukpa	/ny/new-york/310992-ramen-thukpa/menu/	Chinese, Noodles	70 7th Ave S New York, NY, 10014
Terrace Diner	/ny/new-york/309520-terrace-diner/menu/	Diner	21297 26th Ave New York, NY, 11360
Cafe De Novo	/ny/new-york/338811-cafe-de-novo/menu/	Korean, Deli Food, Sandwiches	94 1/2 Greenwich St New York, NY, 10006
Bateaux New York	/ny/new-york/335736-bateaux-new-york/menu/	American	Pier 61 New York, NY, 10011
Barbaresco	/ny/new-york/335689-barbaresco/menu/	Italian	843 Lexington Ave New York, NY, 10065
The Carriage House	/ny/new-york/327934-the-carriage-house/menu/	Irish, American, Bar Food	219 E 59th St New York, NY, 10022
E Noodle	/ny/new-york/323860-e-noodle/menu/	Chinese	5 Catherine St New York, NY, 10038
Eastwood	/ny/new-york/323444-eastwood/menu/	Middle Eastern, Bar Food	200 Clinton St New York, NY, 10002
Salad Pangea	/ny/new-york/323307-salad-pangea/menu/	Salads	303 Park Ave S New York, NY, 10010
16 Handles	/ny/new-york/357498-16-handles/menu/	Desserts, Kosher	245 Bleecker St New York, NY, 10014
Chelton's Bar & Grill	/ny/new-york/358859-chelton-s-bar-grill/menu/	American	128 W 29th St New York, NY, 10001
Double Wide Bar & Southern Kitchen	/ny/new-york/358380-double-wide-bar-southern-kitchen/menu/	Soul Food, Bar Food, Cocktails	505 E 12th St New York, NY, 10009
Wok to Walk	/ny/new-york/360665-wok-to-walk/menu/	Thai, Asian Fusion	570 8th Ave New York, NY, 10018
Joe the Art of Coffee	/ny/new-york/359503-joe-the-art-of-coffee/menu/	Coffee & Tea	550 W 120th St New York, NY, 10027
Ports Coffee & Tea	/ny/new-york/359443-ports-coffee-tea/menu/	Coffee & Tea	251 W 23rd St New York, NY, 10011
Las Palmas	/ny/new-york/354830-las-palmas/menu/	Deli Food	3891 Broadway New York, NY, 10032
Viktor & Spoils	/ny/new-york/355740-viktor-spoils/menu/	Mexican, Nuevo Latino	105 Rivington St New York, NY, 10002
Tanoshi Sushi Sake Bar	/ny/new-york/363692-tanoshi-sushi-sake-bar/menu/	Japanese, Sushi	1372 York Ave New York, NY, 10021
Charlie Bird	/ny/new-york/364470-charlie-bird/menu/	American (New), Italian	5 King St New York, NY, 10012
Yogorino	/ny/new-york/365122-yogorino/menu/	Desserts	657 Broadway New York, NY, 10012
Bugs	/ny/new-york/365726-bugs/menu/	Japanese, Tapas	504 E 12th St New York, NY, 10009
The Drunken Munkey	/ny/new-york/379409-the-drunken-munkey/menu/	Indian, Cocktails	338 E 92nd St New York, NY, 10128
Milosun Sushi	/ny/new-york/368394-milosun-sushi/menu/	Japanese, Sushi	141 1st Ave New York, NY, 10003
Hot Jalapeno	/ny/new-york/373508-hot-jalapeno/menu/	Mexican	219 E 116th St New York, NY, 10029
A-12 Sushi and Ramen	/ny/new-york/380339-a-12-sushi-and-ramen/menu/	Japanese, Sushi, Noodles	63 Clinton St New York, NY, 10002
Tender	/ny/new-york/400867-tender/menu/	American (New), Sushi, Cocktails	130 W 47th St New York, NY, 10036
North River Lobster Company	/ny/new-york/400915-north-river-lobster-company/menu/	Seafood	Pier 81 New York, NY, 10036
Peak Thai Restaurant	/ny/new-york/401334-peak-thai-restaurant/menu/	Thai	301 E 49th St New York, NY, 10017
Racines	/ny/new-york/395936-racines/menu/	French, Bistro	94 Chambers St New York, NY, 10007
Insomnia Cookies	/ny/new-york/395510-insomnia-cookies/menu/	Desserts	299 E 11th St New York, NY, 10003
The Cannibal at Gotham West Market	/ny/new-york/385858-the-cannibal-at-gotham-west-market/menu/	Tapas, Cocktails, Gastropub	600 11th Ave New York, NY, 10036
Navy	/ny/new-york/386870-navy/menu/	American (New), Cocktails	137 Sullivan St New York, NY, 10012
Cafe Hanamizuki	/ny/new-york/388929-cafe-hanamizuki/menu/	Japanese, Coffee & Tea	143 W 29th St New York, NY, 10001
327 Gourmet Deli	/ny/new-york/386913-327-gourmet-deli/menu/	Deli Food, Sandwiches, Smoothies & Juices	327 1st Ave New York, NY, 10003
Senza Gluten Cafe & Bakery	/ny/new-york/438261-senza-gluten-cafe-bakery/menu/	Italian	171 Sullivan St New York, NY, 10012
Senza Gluten Cafe & Bakery	/ny/new-york/438261-senza-gluten-cafe-bakery/menu/	Italian	171 Sullivan St New York, NY, 10012
Yo Sweets	/ny/new-york/466172-yo-sweets/menu/	Smoothies & Juices, Desserts	756 W 181st St New York, NY, 10033
Tuome	/ny/new-york/466238-tuome/menu/	American (New)	536 E 5th St New York, NY, 10009
Crepes & Delices	/ny/new-york/424763-crepes-delices/menu/	Crepes	124 W 72nd St New York, NY, 10023